ree,support,confidence,error
0(t0)^0(t1) ^ t0.SCHEDULED_DEPARTURE=t1.SCHEDULED_DEPARTURE ^ t0.SCHEDULED_ARRIVAL=t1.SCHEDULED_ARRIVAL ^ t0.ORIGIN_AIRPORT=t1.ORIGIN_AIRPORT->t0.SCHEDULED_TIME=t1.SCHEDULED_TIME,0.0000072808,0.9652137024074663,"10547,48919,20710,10920,30892,25408,43814,37191,40646,2196,25640,41821,32684,22071,8206,86,31996,46553,29052,47530,23721,36935,39474,12459,49957,43590,29940,7140,6136,4047,38681,46612,42677,28349,28892,43993,31463,15897,27058,29639,10213,20944,24082,13045,7900,29250,9361,37996,39429,33273,37671,19695,26343,22439,29507,31997,42402,39790,36252,5085,37804,16176,38555,43516,32961,20508,26378,32279,5030,31181,1158,14684,30936,41069,10472,29925,24514,7218,39435,31413,26211,9244,49706,4799,26963,35178,17786,42593,37422,7310,39243,16175,29010,12902,16489,45986,21378,49340,48764,15067,17444,15823,47092,35637,30891,32926,28203,34278,36583,31455,46831,6017,24553,30506,48880,19452,25718,17896,30209,42367,9669,27700,5722,47738,26638,25187,20129,4016,48709,5902,3216,23919,24480,16657,49387,37603,16362,17013,13453,44039,6192,31621,20339,18458,26284,15966,48282,40342,4551,6375,41340,32017,39765,24287,4018,39622,33238,34408,24827,9212,23480,3194,30817,27463,44974,916,7513,41647,5621,23131,23383,6575,35219,19445,48557,19768,17605,6597,45394,16841,33223,45506,4043,42557,2929,9506,33044,37421,11492,34221,18789,24251,15743,41306,25346,5968,8208,23784,34082,22930,45013,41586,18882,35690,10756,12706,14227,14618,8546,19785,10170,17904,16897,49109,44319,47822,27762,10550,47746,48446,47238,13086,23304,47303,20359,17795,14036,41335,45640,35110,25663,42896,26234,24412,35269,30093,6008,1745,44657,40063,46874,47759,29467,3412,43903,32438,47693,40683,8,23471,27401,13929,8854,35705,26597,41593,15969,35832,41851,19662,47993,5452,28700,2898,29126,21047,13255,42682,25140,32405,8460,10743,7017,30713,49215,33961,38781,35145,6828,19639,30432,32553,38573,9646,6643,41740,32791,25977,27701,30530,47415,35382,601,15551,47127,48746,45119,24587,30992,20766,37605,29089,25911,9243,37575,1354,30646,4941,5256,42774,696,8433,46538,19075,1945,23602,4403,22152,16818,47784,11380,20522,3896,22697,2373,940,12299,30784,22961,10468,31762,27850,28620,40347,28652,15483,23800,3024,44333,35582,2792,5978,44383,23499,16946,40942,21672,29470,33471,26149,6527,30274,10515,3302,7654,2777,1477,27901,31521,14462,17560,38407,11542,18285,23590,42498,47038,14534,5720,16763,2093,29729,35737,35766,27162,12873,5717,35911,38291,13793,19148,3124,38702,32089,39543,21284,6193,11742"
0(t0)^0(t1) ^ t0.SCHEDULED_DEPARTURE=t1.SCHEDULED_DEPARTURE ^ t0.SCHEDULED_ARRIVAL=t1.SCHEDULED_ARRIVAL ^ t0.FLIGHT_NUMBER=t1.FLIGHT_NUMBER->t0.SCHEDULED_TIME=t1.SCHEDULED_TIME,0.000006496,0.9997537552327013,11698
0(t0)^0(t1) ^ t0.SCHEDULED_DEPARTURE=t1.SCHEDULED_DEPARTURE ^ t0.SCHEDULED_ARRIVAL=t1.SCHEDULED_ARRIVAL ^ t0.DESTINATION_AIRPORT=t1.DESTINATION_AIRPORT->t0.SCHEDULED_TIME=t1.SCHEDULED_TIME,0.000007452,0.9622933884297521,"33485,24835,1716,30347,40279,45001,48438,36457,22216,3319,13443,647,38276,3842,47981,7018,22028,23141,12517,12862,34958,40242,30230,6382,42121,20598,29113,33477,15044,35831,20254,15712,48149,24821,42492,41888,16472,20987,24294,42484,23490,45280,16063,7239,22397,32232,32961,6375,18320,23309,47077,3732,31068,29811,12843,19835,16831,25623,32505,13854,28094,11114,14279,41049,35029,16154,832,35761,27225,42629,24001,12710,34291,20908,25186,10450,25167,22035,22000,42834,17701,15017,3549,2488,22064,39231,20959,32803,13015,21626,26625,9919,16675,4286,6694,12877,39988,21203,31370,35933,26582,28692,3757,28749,32114,13905,1032,11305,43464,43027,46555,173,10775,5711,2433,6421,18892,44046,11620,28327,43028,26189,37809,46177,46278,28905,43513,43306,9947,19892,1667,46392,32771,43068,1283,48908,3682,28152,32089,20713,48984,18655,10149,21522,47729,1103,37614,22471,49269,32433,13771,253,29996,12629,48576,1235,49282,32071,47057,21317,3728,43437,21782,49332,44031,37141,26577,7703,21551,49688,8923,15811,45199,47316,30962,23056,37138,42443,37513,3564,36749,15565,28892,38750,31591,40579,6302,14467,2644,25716,20917,20670,16108,32955,32608,43728,26204,41460,18488,36250,10142,5252,7481,32791,25830,33511,41378,42648,11864,23323,18985,3096,5253,49301,40380,18799,20445,14578,30660,43115,8913,36061,3912,15617,37953,27601,43735,11904,4766,16692,39755,21004,24028,39671,34077,30242,32289,11463,14583,23581,5161,39719,42376,1422,32760,6076,16049,32386,14042,35114,48040,31222,6732,23394,24155,47035,44311,11515,7625,13419,47833,10713,30906,7750,2513,8546,585,25992,8383,730,25363,4325,26071,24256,22388,29577,33818,38678,49873,49359,31197,3382,15747,5839,10863,2118,9727,30683,25742,48753,46710,10552,44133,43010,15840,698,16731,7322,9667,44606,14206,44164,32186,38924,13982,42723,30274,41405,28805,8938,36312,31555,22687,37302,42593,35277,33299,46518,21332,48113,17853,43489,11446,16326,34811,2555,22778,11577,24536,43477,17044,7283,40434,21270,36483,30576,1480,14004,11018,17999,45858,37186,2806,23548,3290,15223,18221,42213,34638,7480,30967,23883,13709,45679,25911,42110,28203,38764,5220,21777,2864,931,44223,34669,42023,32847"
0(t0)^0(t1) ^ t0.SCHEDULED_ARRIVAL=t1.SCHEDULED_ARRIVAL ^ t0.MONTH=t1.MONTH ^ t0.FLIGHT_NUMBER=t1.FLIGHT_NUMBER->t0.SCHEDULED_TIME=t1.SCHEDULED_TIME,0.0000029912,0.9860232067510548,"43099,40948,28674,24393,38046,25583,998,33622,28982,35645,24720,22540,43954,36851,1912,29446,3672,36548,42727,3514,8133,39582,16792,11732,28081,13100,7803,10530,22058,37475,44881,43663,38417,6739,32034,48043,9053,5760,12074,44559,17537,16559,30541,15034,37845,21650,49209,7458,30373,21615,4636,42922,17975,20478,25674,28631,14971,25880,48220,35709,38929,11698,21211,19168,10791,16971,44571,46308,38214,17029,26114,29030,1737,42164,18983,3791,37120,43746,18647,45524,8448,18651,10261,33573,42253,49200,28437,11572,14253,1798,34724"
0(t0)^0(t1) ^ t0.SCHEDULED_TIME=t1.SCHEDULED_TIME ^ t0.SCHEDULED_ARRIVAL=t1.SCHEDULED_ARRIVAL ^ t0.ORIGIN_AIRPORT=t1.ORIGIN_AIRPORT->t0.SCHEDULED_DEPARTURE=t1.SCHEDULED_DEPARTURE,0.0000072808,0.9737855767173123,"39058,23515,15729,11234,49042,39009,2084,518,2202,34776,46556,20727,42181,35159,26412,15841,9215,12123,44734,32206,36490,48228,44641,44258,33476,8422,10324,40945,23347,16656,49761,35938,42370,9098,32342,18408,39288,18740,32353,18573,47822,48931,21719,40993,19122,26414,38646,41412,15455,46778,19397,47215,37936,31886,49019,21137,27714,32795,21070,31683,39979,4209,43158,6579,8980,37975,22234,14954,13426,34256,34432,10511,35255,12656,15639,39824,41876,11766,23348,18712,16618,22485,26631,43496,25097,30765,3286,46636,18205,10277,420,15654,29206,31970,8984,21443,33150,28802,12993,3843,24184,22241,49767,43563,27379,3791,42090,21897,23425,33355,14155,34081,27704,12978,39978,8215,23380,30426,5332,48428,23931,44188,27973,7872,45939,36559,16101,29505,19885,16609,11130,37922,43174,23825,47921,19285,43272,33318,41348,23392,10023,47366,14128,37782,27109,13921,25970,7401,22671,38411,14517,32791,7094,28414,49391,37877,45548,32864,45297,20760,39401,19766,36929,46200,29030,7934,45310,20640,28072,44969,26002,30831,39556,34766,6867,11856,2155,14400,48917,46632,39594,25875,17801,34157,13089,47950,20816,3090,36900,18432,16419,5476,16989,11662,40436,32845,16584,35466,14392,41427,33634,4545,49021,37086,28270,44125,17002,35418,38597,48409,22588,40889,20797,17113,25940,17569,159,7288,10111,10169,18177,21383,29469,4006,36931,1717,36236,28083,5532,41212,45195,6959,28434,44383,31810,42945,42162,26449,37692,47217,9053,23292,17504,20961,12588,10033,40760,41647,26530,31218,32958,47147,2756,15465,33699,10729,35390,33177,13086,21681,13877,7886,4172,41659,628,14800,29371,13940,33062,35340,23354,8843,31904,6210,45680,5087,39933,36405,39102,20570,5625,46823,30868,19373,9261,33650"
0(t0)^0(t1) ^ t0.SCHEDULED_TIME=t1.SCHEDULED_TIME ^ t0.SCHEDULED_ARRIVAL=t1.SCHEDULED_ARRIVAL ^ t0.FLIGHT_NUMBER=t1.FLIGHT_NUMBER->t0.SCHEDULED_DEPARTURE=t1.SCHEDULED_DEPARTURE,0.000006496,0.9960745829244357,"31948,43857,18205,35340,37086,6329,10111,13940,43704,45195,23425,5332,26002,47950,41377,36931,31810,9098,40197,48917,23803,32845,4142,31372,49174,32864,41348,35390,23347,23255,16503,13921,20687,40889,28802,26449,33699,28141,10277,34240,19373,31733,10324,9392,48729,39556,34766,2704"
0(t0)^0(t1) ^ t0.SCHEDULED_TIME=t1.SCHEDULED_TIME ^ t0.SCHEDULED_ARRIVAL=t1.SCHEDULED_ARRIVAL ^ t0.DISTANCE=t1.DISTANCE->t0.SCHEDULED_DEPARTURE=t1.SCHEDULED_DEPARTURE,0.0000076176,0.9851024208566108,"5876,9327,33494,29498,31733,32845,31810,45195,38420,35340,49174,43857,37877,23347,22216,13940,13921,22130,45872,6329,19223,41348,10014,41837,2084,10111,42850,44262,16503,42834,35466,9067,9228,39957,38217,4441,37086,26002,39980,13827,14691,2704,33699,41573,35782,15639,21333,20744,19583,11234,39070,5202,663,38411,40889,49042,39830,11150,31359,23786,3652,10397,46136,43174,10277,22874,39374,36931,31948,19311,22442,47950,43974,13877,48999,18408,604,14952,25646,36583,40197,37673,1782,11662,45297,32864,23292,6759,1292,25097,13326,43300,32808,39468,48455,18506,1717,31342,9392,48917,23193,26429,31372,37257,18820,21681,9215,35982,34157,13127,27379,4666,48816,40436,26449,22569,31859,18097,13619,18205,10324,9098,27180,35771,33917,15841,39556,34766,20909,49724,2281,35390,36033,11130,19766,5332,3384,32497,28802,47483,11922,23425,12683,28310,4345,19373,23803,38507,48729"
0(t0)^0(t1) ^ t0.SCHEDULED_TIME=t1.SCHEDULED_TIME ^ t0.SCHEDULED_ARRIVAL=t1.SCHEDULED_ARRIVAL ^ t0.DESTINATION_AIRPORT=t1.DESTINATION_AIRPORT->t0.SCHEDULED_DEPARTURE=t1.SCHEDULED_DEPARTURE,0.000007452,0.956758422350041,"26449,34771,48732,7183,40528,10778,38731,22404,5332,49350,34721,26384,38119,14694,34913,125,2245,30224,25692,725,35977,46259,10023,14165,13561,29063,17058,35703,11662,49042,10960,35423,26850,36492,27413,41382,46713,10324,36427,18231,41530,32667,19384,37951,48414,20411,45002,40721,45110,39572,35305,23912,38528,11296,41556,16420,32864,12029,44825,26296,48089,45919,38768,9667,2107,38548,23113,37556,16246,9215,28141,48917,39719,38812,11616,19696,47767,41316,17893,41734,3993,45330,46483,44742,42446,9586,6706,18326,41183,37697,45888,4334,19736,22353,34766,12744,189,31227,36931,347,46034,4872,49396,7410,1659,5688,8946,46478,39289,18817,39938,42387,24884,4032,11792,34623,16339,30054,23294,28616,14675,13297,32794,38593,38411,21027,43659,13223,15218,10277,1809,23799,44785,24480,41517,43389,18540,12523,48250,44324,26133,2389,43601,21499,17114,32,48856,14823,21527,19766,29862,17167,42985,40680,14112,31759,41652,23347,6559,32101,40124,40926,9098,37281,48042,286,13782,25105,9457,29979,36067,20032,2735,28875,23425,12337,17376,11784,48751,32658,7894,1003,43829,44381,32565,43630,5038,46887,39265,32937,2105,23292,32845,13195,13826,18518,19622,13681,35535,46383,10059,46824,9443,40784,33448,46803,9727,26989,3685,32589,33268,26117,18301,48870,23972,24475,19852,6948,17215,29007,18073,31816,2084,4403,40030,37799,37629,31810,26002,35466,11491,15422,21168,32961,17047,5821,18582,43090,36472,35340,31082,26264,48976,13877,795,22105,37980,29115,25097,16800,42593,28965,9075,46413,46936,16444,11130,49386,12267,42404,15841,31662,46855,25267,9882,40889,23869,37219,416,1138,34160,9527,49933,964,29886,38214,48990,26112,16662,1891,45297,638,13921,43704,42321,35025,42231,39997,45074,28278,16955,21547,15676,611,44,29879,20686,44229,28011,2458,839,6821,45891,19332,33615,15117,21485,35500,9862,10775,17557,39948,13678,393,30604,13559,38248,24112,1717,1494,11234,34916,41348,46039,6229,7673,18957,35390,15463,20640,7644,3985,31927,37769,40391,23226,11398,9141,38123,10111,48880,26472,10149,38681,2517,33699,18408,15639,42855,40436,47188,11861,25203,23288,14061,34157,9013,16333,21911,30730,10397,9131,47207,16688,38238,21198,28802,25549,37877,32437,43174,34958,23919,45798,43221,31748,484,14036,41769,16512,27379,43697,29996,31895,30622,40770,11084,48517,6738,37630,19091,5763,45124,48039,18543,45723,39561,45450,30750,17676,33388,20648,49359,38691,45221,18205,45195,45499,34352,39556,10604,13940,9228,44190,23873,45519,40315,40280,42107,49484,27113,25613,48154,49381,22278,21681,8060,22528,2513,43477,46253,19247,38267,8409,37086,8277,24048,19373,46273,4915,43781,40208,28477,1465,49566,47950,26551,24214,49979,29751,47655,28430,35124,38073,14232,21680,23246,45385,27598,9394,12994,19204,37614,20389,31130"
0(t0)^0(t1) ^ t0.SCHEDULED_ARRIVAL=t1.SCHEDULED_ARRIVAL ^ t0.MONTH=t1.MONTH ^ t0.FLIGHT_NUMBER=t1.FLIGHT_NUMBER->t0.SCHEDULED_DEPARTURE=t1.SCHEDULED_DEPARTURE,0.0000029896,0.9854957805907173,"26114,14971,5760,36851,42922,48220,16971,35148,25880,28141,16792,38929,7803,30541,38417,37120,21650,998,38214,49209,10261,22058,37845,46308,18647,3791,10791,45524,36548,43704,24720,28631,35709,44881,19168,10530,42164,33622,24393,1737,11572,37475,28081,12074,38046,25583,42727,32034,16559,1912,44559,17537,43746,7458,29030,48043,3672,39582,11732,34724,49200,15034,42253,20478,43663,33699,21615,28437,9053,44571,25674,18983,28674,18205,17029,35645,22540,17975,40948,1798,28982,4636,13100,28802,6739,18651,14253,8133,29446,43954,30373,8448,33573,21211,3514"
0(t0)^0(t1) ^ t0.SCHEDULED_TIME=t1.SCHEDULED_TIME ^ t0.SCHEDULED_DEPARTURE=t1.SCHEDULED_DEPARTURE ^ t0.ORIGIN_AIRPORT=t1.ORIGIN_AIRPORT->t0.SCHEDULED_ARRIVAL=t1.SCHEDULED_ARRIVAL,0.0000072808,0.9678825906625546,"29874,30590,26053,27848,19192,16688,15867,47101,43760,9241,24161,25669,28331,10515,16199,24683,45910,47987,7369,16223,1281,14926,23414,26051,13812,28434,21908,41465,30892,22467,8474,19118,35661,6610,29839,9980,29250,37577,23206,5325,9048,24057,32511,2281,33376,38747,49584,32697,33614,9022,29959,38854,41711,30506,3795,20222,43228,5270,39603,18712,7081,47661,9544,11987,19158,3052,31692,26223,11647,12527,44187,2926,32393,15370,31034,14648,13646,45763,30490,10424,28054,5036,23195,31740,25312,43883,3397,5134,19255,7205,31633,16299,19080,31192,9122,68,45630,17293,34428,43120,10376,37634,49947,22718,10598,31370,27563,1406,42524,1298,47212,49927,31245,42959,21800,43065,5282,13668,41514,32770,47259,48507,3542,8044,47342,35436,9072,11910,46718,12617,47820,48456,48736,22004,591,30680,34352,21917,31942,39165,48200,40939,25665,16598,204,34968,39289,15487,6273,26869,23979,30799,43627,20111,10391,1565,45074,28258,27062,11090,45266,39929,26886,33185,11227,30094,42239,36682,46711,11663,821,33853,33242,10913,40176,21177,45453,8999,21129,11316,7895,11957,19541,17400,7277,19380,38819,38011,26116,9259,518,45354,28255,17328,40578,22452,35525,39384,9280,40276,11465,41976,35882,30742,10532,38835,15000,30808,47066,46624,7828,47974,38638,655,877,27492,44604,8816,35149,22134,34696,45669,1999,13460,18420,42036,19285,22924,25825,47845,16593,41235,47127,14580,46271,23949,23243,13608,22887,27910,22540,38469,766,3717,23770,46238,8634,21007,38932,11234,36083,41270,26085,35275,43668,28739,38844,30648,30453,14645,33479,45685,33477,21332,16637,35769,9879,10760,18729,5832,31324,32496,8093,33566,3381,19059,12981,49287,42783,36264,35731,48015,41600,40459,41316,35711,1659,23019,35561,46585,5494,8977,16948,39654,37050,8551,6411,32497,16246,43640,32177,12347,40391,19093,26126,2488,44436,7817,33208,3627,29262,14223,25266,22403,41838,1300,24026,4681,14135,5323,2790,22588,1620,7288,6688,9261,23785,43819,31631,48545,30699,33473,21710,11812,5868,42359,36362,4474,14731,42476,18206,15969,13020,28851,39528,48428,39085,24213,22635,37626,742,49060,42782,43840,46618,3670,7083,38564,19447,4430,37192,14069,45890,25049,28018,37808,1590"
0(t0)^0(t1) ^ t0.SCHEDULED_TIME=t1.SCHEDULED_TIME ^ t0.SCHEDULED_DEPARTURE=t1.SCHEDULED_DEPARTURE ^ t0.FLIGHT_NUMBER=t1.FLIGHT_NUMBER->t0.SCHEDULED_ARRIVAL=t1.SCHEDULED_ARRIVAL,0.000006496,0.9976655608797149,"27563,7083,46618,33770,13460,7205,48015,47066,9544,34968,11499,28851,33853,32496,27062,19146,6549,36682,31192,5494,11234,10732,16808,19727,37192,10598,16007,8977,1620,10376,14323,41600"
0(t0)^0(t1) ^ t0.SCHEDULED_TIME=t1.SCHEDULED_TIME ^ t0.SCHEDULED_DEPARTURE=t1.SCHEDULED_DEPARTURE ^ t0.DISTANCE=t1.DISTANCE->t0.SCHEDULED_ARRIVAL=t1.SCHEDULED_ARRIVAL,0.0000076176,0.9882719252724442,"4969,43760,3277,24161,40529,7828,9879,18747,271,12348,16598,26217,33831,19146,34352,19093,31250,33473,9022,9544,41316,47066,10419,16223,2261,32496,28252,33479,8977,6549,41788,10152,37192,732,49210,23193,9928,14732,39035,48015,12221,40582,14952,1292,48870,14061,1773,41465,10376,591,15242,35275,28054,46618,23280,9503,18110,21057,7083,11234,9247,31192,972,5134,19727,20249,24586,33770,9602,20857,16524,34968,28851,21555,27062,7825,24213,821,32454,33853,26116,43668,29766,29202,19322,3117,10572,16868,11278,28258,47485,46783,13460,4620,22568,24094,10732,16808,10760,36682,22874,8634,7205,27563,16243,6675,10598,20568,24865,24457,8535,32990,42327,5494,39771,18740,6559,10340,41600,43741,16354,35088,9980"
0(t0)^0(t1) ^ t0.SCHEDULED_TIME=t1.SCHEDULED_TIME ^ t0.SCHEDULED_DEPARTURE=t1.SCHEDULED_DEPARTURE ^ t0.DESTINATION_AIRPORT=t1.DESTINATION_AIRPORT->t0.SCHEDULED_ARRIVAL=t1.SCHEDULED_ARRIVAL,0.000007452,0.9610027855153204,"45018,17949,42527,19093,13824,28017,37045,27099,12766,15375,38883,5711,48553,13222,26386,10509,22581,42930,39421,1407,17138,43760,17185,37983,29952,4040,29228,8474,7083,23133,1403,47771,45113,42327,22025,27563,10726,49810,9755,4503,49691,44121,41465,43668,8355,416,14802,36416,9586,43437,3043,42720,40242,33067,24266,6297,21625,40720,35493,17733,21626,18858,30434,37006,34133,10376,46196,6136,38032,27730,29290,10625,3002,21271,14332,36125,31394,22888,38665,34660,8634,39767,16884,24378,33853,34621,12641,44906,25345,46513,19179,14162,48545,41801,26645,26116,48624,45923,16426,7894,12744,24816,302,3677,26105,6552,45517,49591,46636,32641,4969,38374,40868,24720,27655,16243,30807,7138,46050,44100,638,46618,32745,1667,29466,3055,47066,43112,46176,37281,22528,36682,29289,6610,27229,44584,28691,1777,1881,4929,32771,8210,22153,18069,42578,663,11798,40542,24120,14590,6889,39665,10068,14823,25857,32044,1620,28054,864,23484,44679,7877,48123,42774,11225,39103,6339,15483,35275,29799,49091,7567,15799,14340,44945,37192,21103,2307,19584,49997,29697,10743,34352,18639,22329,27277,21685,4346,9361,32845,10598,9022,47738,24318,11386,30030,38039,40736,41222,2430,24187,45628,44523,591,10096,26055,30889,4529,14347,12756,20342,8346,12537,29612,46540,48015,6163,37372,46353,20976,26133,4477,18857,42071,22695,31192,2097,16199,12226,37814,42260,44205,12739,9879,5494,31297,41470,10170,26972,35295,8977,10909,42080,22895,46,15381,49462,44266,24161,35977,41042,5134,5676,13088,48694,20512,31833,24213,18000,34034,32905,37614,32613,13089,18808,32496,16104,37901,7851,7750,17177,37884,26223,1097,44942,7094,20077,12004,42240,21547,23946,38987,19447,13552,9544,34865,4247,39196,34968,7205,9637,36515,27180,15028,771,19164,1218,16223,35697,16438,13460,27484,29072,40304,34793,1762,20695,38416,29445,25292,27712,41359,20626,20758,3419,3322,32145,1915,35656,36079,45087,30747,38306,16945,41316,647,24086,43813,41600,23825,35212,10526,32936,23869,32990,25066,16398,16924,21203,821,11998,27965,41041,47083,45499,26217,37755,28851,3165,13454,49265,7828,8121,11234,15815,27525,10444,32975,47767,6618,46490,29032,285,34539,32302,49158,37931,7462,18128,42052,45095,20325,43122,36181,16136,7255,20031,23879,20386,6540,25911,27062,33650,49484,45124,725,9336,28258,49581,31342,46615"
0(t0)^0(t1) ^ t0.DISTANCE=t1.DISTANCE ^ t0.DESTINATION_AIRPORT=t1.DESTINATION_AIRPORT->t0.ORIGIN_AIRPORT=t1.ORIGIN_AIRPORT,0.00044452,0.9676301463852967,"26217,32375,15896,49408,5541,26898,18672,9220,48920,2659,48805,398,5007,30355,16425,10361,25215,22890,22933,8221,49772,47429,36422,29481,29025,6983,36234,27296,42400,21925,3588,13978,4041,16300,46860,12349,8082,9994,2423,20926,49962,14523,484,23578,37117,1282,41095,2255,33849,22849,14937,35461,43269,45769,8975,41462,38824,31967,36024,42202,46516,12659,48440,35447,48663,40569,19881,6896,46248,40131,38665,41638,34280,344,22670,7247,23176,40930,15146,10,43642,45441,18732,19701,48958,42285,43367,5644,3586,12797,18344,47986,10045,39830,4006,13457,35196,23237,25558,9557,43140,37686,43186,19990,24002,23596,41526,39351,31921,43301,48708,13959,5318,36906,17640,38960,23015,13088,25807,49321,42154,49320,44760,43047,2741,10664,49794,8476,46010,9412,13430,44628,41651,10497,3939,4051,21945,25033,47085,26822,37764,43500,22284,43764,2555,16228,25704,38500,6625,18793,18993,21118,35323,33384,49994,14847,15643,18380,9801,31640,9565,11887,23069,25764,20645,965,40439,28875,17931,38400,19403,25823,8650,38131,34163,38247,21781,31927,2261,22629,17828,8419,18704,1135,3852,15027,30321,9002,43767,4381,35890,32238,12216,13777,12689,29683,36080,34435,2008,21802,38928,18173,40187,48839,48969,15025,19336,33397,4096,10660,47945,1126,22275,26162,142,20788,20915,22151,31258,27448,40688,33475,39608,45872,7526,14979,22884,47839,46152,38815,7727,37092,32376,11851,23937,18014,2396,18398,3702,42704,27861,3210,40967,40620,25432,24848,10655,6886,39637,46331,5211,45694,8515,27938,4416,37419,5290,6525,21716,5901,21270,12391,3879,807,18726,8480,36700,17667,30751,10881,22974,14594,40258,41617,30341,19981,2104,30873,32652,42399,16134,1988,34121,44715,3831,45140,2050,11933,26436,15571,36971,29834,18339,3547,16673,25682,44611,6320,6553,35462,30690,33791,42713,41831,45385,37850,30013,24071,13471,43586,46253,18877,29702,24807,38305,2715,40325,22362,11210,32225,23555,7409,18582,7462,9364,32860,39338,2254,37528,21664,41315,40341,29084,33513,46459,16867,255,46268,18921,17610,27310,12974,12986,48988,4475,25831,42404,7471,37884,19362,26629,20988,22361,31956,2290,11940,19904,30325,49974,36116,28968,11425,40603,17371,33550,15409,27057,31846,48126,1697,15883,49671,2401,19346,44015,26714,8969,18074,49822,25792,26961,12574,28835,12754,5831,21921,15368,30158,24222,34470,11121,10889,37401,27043,5108,16155,14245,62,27051,25493,10311,837,42518,32781,15314,41470,49622,28240,9105,42604,16716,31849,41784,4776,5968,49443,46576,23604,19567,11127,46920,1438,32847,27988,41957,7308,18396,19090,41221,36442,43737,9188,31142,253,32137,45332,42022,23587,4343,409,28630,34241,30480,19342,36389,9011,28628,28876,38845,28880,35446,38600,6313,36605,43842,48124,19707,31476,19769,25259,38616,7811,6647,15213,46412,10387,13734,38721,20113,40586,44413,20383,18544,29578,47277,2939,9520,36566,37838,11021,18846,26574,2265,44606,20535,35033,4129,2961,48313,23252,36406,13046,29943,24357,23846,36602,13953,12635,48475,43238,4608,17952,40670,47860,1487,26835,41964,23566,32990,49729,1761,13121,10238,22353,43566,38214,33934,42784,47178,15990,49514,32390,19230,44221,9509,26729,26925,42965,25795,20315,18859,30320,26107,6076,47033,21905,34351,28095,49365,49301,36845,2595,26305,29845,12140,3522,48577,10370,5996,1729,36113,7932,3255,38147,38436,29228,46967,20176,35155,24378,48846,28976,45828,31670,44111,10360,59,31018,43774,28662,48738,45486,27663,17142,22475,28581,19635,32565,400,24043,24625,37785,16067,12171,46284,49260,8661,24703,31376,27272,1242,8136,1097,5721,44769,16526,24440,2522,5957,7044,2153,22638,25096,41046,45099,35415,10492,42307,18816,33048,20844,49771,49377,18140,18069,37738,20567,40816,32606,49990,37452,15177,17887,14789,49300,32745,9909,34431"
0(t0)^0(t1) ^ t0.SCHEDULED_TIME=t1.SCHEDULED_TIME ^ t0.MONTH=t1.MONTH ^ t0.FLIGHT_NUMBER=t1.FLIGHT_NUMBER->t0.ORIGIN_AIRPORT=t1.ORIGIN_AIRPORT,0.0000031976,0.9507611798287345,"16659,2645,34974,47890,5336,47408,48633,13783,25489,12383,36511,37767,34892,464,6912,23916,47715,13118,3246,9069,24563,27421,21728,47515,20409,9737,28272,44622,30097,15560,3780,40090,30453,41553,38134,10405,30197,48607,36861,39838,17610,37880,16118,43522,7410,22814,42174,25692,10779,49775,35430,23453,4543,204,25920,39889,18723,29752,8972,8577,42810,20859,1671,1322,38007,18872,17067,43618,33111,43272,43136,5061,44091,22699,11108,27292,36084,10558,33128,35875,45340,36975,47477,22212,31465,34954,19924,38672,5700,46156,3584,1093,35519,36235,10305,2022,38666,38048,17085,22966,42937,9457,37403,41575,47899,21511,27025,38905,17391,34979,45128,34918,34401,27557,21972,15366,35512,4542,14793,28517,3023,13950,33366,43257,8997,40403,29354,29595,2849,44805,3474,38404,36971,15545,27224,36950,27226,27430,29846,47674,48344,23745,11767,49322,10513,4149,41493,17945,48996,45638,21165,28380,49825,44206,3848,2151,49309,25046,42488,14618,17577,16098,45334,44099,48883,27688,19777,32551,13138,25144,18694,24747,16113,362,6258,40504,4648,37408,28141,1361,17363,25235,38957,31327,33612,38295,28587,22865,17839,20054,21664,47527,32418,49538,2717,46250,45315,21180,45227,28708,45836,37698,18954,46323,26656,402,23007,2971,43011,45831,42496,47470,45681,18506,11701,46474,34585,22157,27986,16552,8684,35812,29761,34306,17279,1512,9922,28310,33576,28974,39087,4481,22782,9014,5230,29663,27378,7936,28883,24943,48809,23516,7310,14673,39822,33343,30609,152,29693,22795,24056,36001,43910,20865,32170,13106,12826,32701,40658,24046,40310,11202,49662,11370,10575,572,15319,40402,48617,38662,27948,14501,27174,35101,16416,29815,22135,2393,34388,31217,4647,36241,28662,29813,47692,26374,16339,13552,35035,29394,38485,25562,21008,10030,13221,48875,47565,19660,3980,31360,26670,21831,27875,29477,40780,21833,18859,43813,16841,15234,8449,43694,43704,6855,12487,12087,34143,22631,12858,23958,24267,1062,13034,2291,23267,40864,45629,13135,13697,3004,36203,43117"
0(t0)^0(t1) ^ t0.SCHEDULED_DEPARTURE=t1.SCHEDULED_DEPARTURE ^ t0.MONTH=t1.MONTH ^ t0.FLIGHT_NUMBER=t1.FLIGHT_NUMBER->t0.ORIGIN_AIRPORT=t1.ORIGIN_AIRPORT,0.0000032496,0.9890430971512053,"36650,3602,27841,5940,3814,22135,20906,22380,27630,44396,41219,31164,45347,39409,35976,46539,11698,23623,9376,4711,23405,6499,47186,36989,18799,35440,41773,16101,25775,43450,11713,8988,22214,12761,26103,9584,24282,7942,49063,37219,13896,19494,46573,20348,38666,43566,8792,30274,22961,35579,26232,17380,35520,24393,4551,18290,5622,7328,25467,21326,46080,14134,38640,20661,25231,40602,37805,12586,43099"
0(t0)^0(t1) ^ t0.SCHEDULED_ARRIVAL=t1.SCHEDULED_ARRIVAL ^ t0.MONTH=t1.MONTH ^ t0.FLIGHT_NUMBER=t1.FLIGHT_NUMBER->t0.ORIGIN_AIRPORT=t1.ORIGIN_AIRPORT,0.0000030136,0.9934071729957806,"28674,29030,21615,28141,9053,11732,17975,6739,26114,38417,28437,42164,42727,49209,28631,11698,28982,38666,5760,20478,37120,11572,36851,33573,998,18983,30541,43099,38214,24393,32034,4636,14253,25674,22058,43704,1737,16792,1912,18651,3514"
0(t0)^0(t1) ^ t0.SCHEDULED_ARRIVAL=t1.SCHEDULED_ARRIVAL ^ t0.MONTH=t1.MONTH ^ t0.DISTANCE=t1.DISTANCE->t0.ORIGIN_AIRPORT=t1.ORIGIN_AIRPORT,0.0000032408,0.9554245283018868,"8191,26848,40719,24936,12817,6759,31239,47343,27391,39118,5365,31625,21347,23801,11811,42233,22177,24270,19988,604,27885,17257,46464,18726,18271,1124,47923,3856,13052,43047,40748,6828,1258,9205,42517,42470,12521,43778,28945,2797,37346,42780,31734,20866,43789,47741,21709,30756,19571,47390,12002,8272,48606,3946,24484,39786,7509,33268,24766,14932,34652,24210,14214,32167,26640,23914,30044,2281,34623,44551,37326,39830,11716,28387,16581,24435,9573,47036,7191,12435,28897,2200,15525,2048,49565,15680,1092,14745,16920,32002,9475,36319,36605,18747,29751,44327,33241,36748,21664,2790,14910,16760,39001,2715,9237,28690,2801,6297,30612,10623,22115,47405,28006,1346,33728,6085,33528,17640,33716,40633,30299,14738,7561,17736,2045,9083,31264,44138,33344,33908,6165,21258,26281,22973,31255,31281,3651,13023,17056,14919,23731,17165,34698,40895,6370,15789,11699,47548,27203,43108,5416,40952,45116,24450,5934,369,21986,8781,45117,39042,1725,46516,25171,39892,36761,12104,12682,11940,5883,19401,15960,12840,45493,25987,16255,28662,12683,15837,1916,10041,18713,47269,30865,39871,42145,33200,47320,16899,36106,14332,28001,48475,23148,37980,24624,27484,35402,49811,47657,2418,12159,48739,28064,41868,13009,8382,37137,25478,31937,20350,33556,1470,39349,26504,13644,31021,6594,40790,30837,46915,23621,26715,41645,21194,29625,34900,20702,9660,19283,44023,37010,10863,6232,20339,23290,30323,31180,1376,38512,15759,48701,845,1589,28068,16691,10419,32771,24751,114,27378,42834,10327,3293,47854,4553,2693,5692,27279,36652,16828,26285,30315,9826,30958,17801,4347,17097,35971,11242,41955,5004,833,39072,6334,23309,12512,43742,24920,24671,16339,44450,6328,43046,4027,47796,17224,31536,9884,9694,47593,2276,15669,43599,32039,46505,5162,7341,44224,2582,34351,48115,48312,48011,28199,24991,47977,22077,31378,44511,41289,11947,20990,16960"
0(t0)^0(t1) ^ t0.SCHEDULED_ARRIVAL=t1.SCHEDULED_ARRIVAL ^ t0.FLIGHT_NUMBER=t1.FLIGHT_NUMBER->t0.DISTANCE=t1.DISTANCE,0.0000070848,0.9603122966818478,"34240,24846,39641,27997,5106,34552,12639,1737,21062,41568,12338,46575,39223,2061,7759,31195,40346,32558,49344,12351,10359,28519,23255,3486,17445,6690,19608,21615,22215,1768,4742,24155,49778,47729,40695,18983,30451,14823,49535,10923,42837,12581,34247,47426,21600,47448,2779,3564,41027,32848,11698,23496,26259,48520,17026,25239,48457,14025,8264,20494,1382,35151,45607,28076,22058,4142,46636,4151,29428,35960,18373,41010,6739,2864,19684,24818,22084,14299,33421,27226,26093,17659,27728,19917,33759,5788,10070,2568,16923,11614,47792,23776,45284,28102,11572,15046,11094,28674,46854,44270,13537,24154,24788,23029,33818,2068,13246,38968,28313,46897,19876,13207,579,44254,28631,48366,37840,7085,19553,29614,35204,39465,28437,13581,42727,32365,4071,655,15218,28085,6262,29372,42460,7508,6923,14799,20504,370,38666,11734,13825,31164,9601,15233,33526,22395,25956,26321,15229,47194,23769,9247,42888,12682,14873,30564,35347,25971,24444,5272,9922,17114,41337,33573,32034,17033,13262,46423,40172,3229,9399,13061,37192,15303,43075,4953,16797,1717,45645,40935,35039,1328,48217,35434,4904,28467,40598,35402,31157,30766,27740,44330,43891,6488,13185,42098,24930,16806,29120,37631,17220,33901,39367,14052,4474,8143,39455,20891,13706,6303,20540,2968,10497,41948,39369,9053,25734,17466,3514,11497,46786,28449,49634,29301,45638,4086,12159,30232,26836,1593,1887,22555,4526,7000,34394,46322,35444,1034,14303,41514,34934,36602,1763,19174,44809,5678,49076,14253,38743,43247,32354,24393,6378,42164,11732,36262,8805,39630,16542,41382,24403,37299,25569,7066,11218,28982,39263,11712,11299,10298,22329,17841,9952,10644,5942,906,26735,47316,34012,8663,23984,49270,19655,26114,22205,36030,38214,29819,690,40144,34881,18142,17453,16792,49209,41620,29988,24629,222,38417,40581,7887,35383,30105,48629,36851,30729,28254,39844,40164,14804,14756,21625,9364,20478,7324,31668,5061,7394,24630,42259,27014,33666,11115,5760,30036,46236,21916,40281,13297,998,24061,3135,26221,36714,184,39329,23016,35211,39309,12641,1809,1505,44259,2965,30667,34350,47228,32118,45560,34213,29240,1912,26380,40368,25317,5830,17975,42387,47810,37134,41055,5151,41377,23199,46823,8555,2355,25468,28148,11129,36780,29774,16793,14729,29030,17255,41095,1939,46984,35391,21457,18994,13494,18869,42648,42885,23172,5911,40919,25360,2584,39988,7600,17565,29083,42047,29990,25674,46229,47239,27621,41887,4467,16913,19179,22901,9999,42854,2665,29371,19773,18651,41830,27100,15853,37963,28141,43614,37740,22020,41262,4830,25385,15490,43704,21549,11596,36559,5971,9695,19160,27971,22297,34622,18355,19024,2191,43749"
0(t0)^0(t1) ^ t0.ORIGIN_AIRPORT=t1.ORIGIN_AIRPORT ^ t0.DESTINATION_AIRPORT=t1.DESTINATION_AIRPORT->t0.DISTANCE=t1.DISTANCE,0.00044452,0.9959259611093287,"43527,10168,25635,19757,20145,11604,37212,19723,15652,36519,45136,17033,48471,22039,47229,11331,10448,47232,25961,20765,11071,21694,26107,2331,17060,28622,47288,31167,30299,10500,38345,7263,9989,17858,7753,19190,9817,46789,48785,48703,12689,5186,8648,9520,34665,14115,38906,41637,26136,33769,38398,2132,41764,10479,45418,37614,15094,1584,43771,41039,16620,45797,22869,40891,12208,19733,6037,7455,27239,8082,17477,4475,22846,32944,17421,42258,21431,35844,47642,31190,38698,5637,10224,14414,41866,46134,16875,19013,15778,47202,8709,8617,5640,33229,36234,2709,9192,35631,17036,24447,20918,30516,32365,47429,41429,33146,4358,21480,13203,16992,36448,481,15964,12913,18074,24135,47090,22091,27584,21997,38372,17121,32585,6373,37434,9509,43781,25003,38784,16691,14121,35461,20207,49683,45522,17563,18014,13372,38586,24180,14233,44636,11834,10484,1282,39804,24145,46662,31005,33893,44369,22506,7673,34934,12616,17866,47460,18816,44193,31199,34004,47239"
0(t0)^0(t1) ^ t0.SCHEDULED_DEPARTURE=t1.SCHEDULED_DEPARTURE ^ t0.FLIGHT_NUMBER=t1.FLIGHT_NUMBER ^ t0.AIRLINE=t1.AIRLINE->t0.DISTANCE=t1.DISTANCE,0.000009976,0.9853812722244172,"26690,48811,47399,41764,14729,32278,31510,16042,47049,12346,4874,18613,40919,23513,24379,47567,12403,40943,38718,45412,14249,9639,1639,49265,44641,7168,19769,7501,49872,380,35151,48562,40080,49165,12886,35531,42808,31951,47253,26803,40581,46741,26759,15297,5750,648,20516,49848,16311,43537,6756,13980,7324,33303,41219,1456,47948,29768,20774,42104,23116,19561,36519,19428,21222,33801,39964,43397,30099,21549,18816,48835,12613,25067,49823,40364,4921,32290,41604,48278,41728,3815,25145,32820,38187,37217,33909,24860,13294,27396,22795,18621,2078,45852,38764,13315,16091,45078,26280,19526,7341,20836,28084,43418,13545,10346,6641,44527,8426,6399,21896,39406,39031,33086,34255,10084,20436,6610,10606,1259,19881,33810,1249,44150,11851,16665,11812,18307,45015,46523,37163,8499,18193,24565,13297,41314,7915,33166,43027,45061,13506,15964,40164,13904,5623,5033,24049,1911,47740,34466,24120,17098,27212,32365,6857,12616,12572,31901,46267,40235,2140,11408,23350,15056,39106,8396,11550,16778,48044,18153,23892,46662,13037,9817,33818,7002,6225,42316,2017,24721,37602,7855,21540,9885,31412,23957,2823,35383,13810,46010,42789,6014,32703,34482,25935,47063,2787,8840,26577,3325,47395,14624,42258,36971,11779,49195,40030,15448,11218,28925,15235,46979,7989,17015,33803,9921,45762,18734,7131,13572,10995,48103,34212,40999,7791,10717,23432,35776,5424,39136,1712,30701,46236,41119,14846,32353,1529,7152,16267,47381,49930,24316"
0(t0)^0(t1) ^ t0.ORIGIN_AIRPORT=t1.ORIGIN_AIRPORT ^ t0.DISTANCE=t1.DISTANCE->t0.DESTINATION_AIRPORT=t1.DESTINATION_AIRPORT,0.00044452,0.9636379086984949,"45782,30275,18313,39588,1192,44475,21377,6496,40647,44657,34888,41937,31204,49023,12807,20149,42368,8485,45494,16744,16623,40902,24051,1853,38226,29667,1991,9566,22051,32069,1754,24260,43541,32448,37256,40153,45863,27266,21768,16579,27281,48634,43642,34783,39456,18767,21081,17184,8278,40964,40338,25700,2972,20331,12487,8748,14731,9892,12803,32450,37544,21548,22248,33329,9864,44327,32878,1196,28192,36571,21936,36579,35060,43754,27795,17328,19185,24983,37257,49938,36871,22592,19300,10180,18552,13244,39887,34484,5587,30834,41573,6687,47910,18506,38749,3936,38420,905,2136,5106,22194,48940,33418,22477,9485,30065,23861,36178,33726,23538,6337,8150,20452,6230,13842,5423,40355,24232,11657,12363,19287,17746,11270,4351,5723,49653,1214,36728,44499,35689,10601,37874,6725,43537,44925,30212,28674,11292,22344,34418,33343,4968,15041,26207,12402,39348,42868,7109,7387,38796,26770,17848,11477,13760,9567,46089,19330,26573,21965,15753,18005,28549,33817,20632,19609,40032,23757,11111,47173,5240,1094,37723,43484,42992,10115,20278,46216,12160,30109,33019,27435,3298,22691,19740,40926,42839,979,19257,21257,28239,43132,19240,19721,5985,15016,3781,26061,33218,15961,39854,2811,15371,16788,32142,22729,21835,49198,22833,36329,37699,26016,3303,29550,29149,47593,34559,6300,33529,17875,9430,38810,14176,3444,48546,4001,9126,36771,35905,43509,14345,13972,17606,2594,1600,10404,40851,30392,42753,39766,6316,39782,42013,9569,8746,14312,39798,36639,17562,40238,9006,45524,1727,34123,30428,48626,43840,22568,38594,26956,23154,28927,34570,32862,13727,34253,4547,32307,1931,31818,15518,5898,3542,33870,40195,38591,18770,20909,24910,43936,44641,47198,38666,24402,23263,9456,3813,6328,24860,32287,42212,38906,15611,44408,18435,5808,26109,36140,9531,32797,31043,9980,33731,36373,23332,39789,18080,6369,45377,32663,20973,14184,14428,47824,42278,31855,44917,26572,35399,17025,36920,4581,29634,7794,16332,3079,4852,16261,5079,40278,42642,26146,17378,46893,45301,21780,108,49065,48340,4829,31280,16155,21527,2532,12298,33479,12847,42134,41088,8626,47587,37389,46516,14977,35853,40931,27843,11392,14234,1735,49741,2747,43667,25071,24612,14747,47217,49659,30867,26753,41436,21728,26786,45307,39261,10818,34040,43161,35247,24441,35954,26969,2412,36814,5926,15780,29140,31319,26397,12614,39093,48216,10784,7792,40645,35713,33998,24445,16040,27328,42106,37060,28578,41399,37777,26616,14931,34553,26157,49451,46446,45310,31926,21487,49553,18526,9482,26760,2331,28199,30915,23830,33040,13688,42830,47005,4330,32443,33148,30918,14067,13989,8195,45596,28860,16455,29895,18153,28126,40965,5291,3775,43977,19379,10065,49137,10893,40594,48656,17375,45127,7264,25047,3621,49000,828,30278,2938,7224,47987,29296,4213,36092,6551,45397,27671,25899,31576,8461,34637,10727,18148,30172,34919,6221,36799,45465,33092,31618,20483,46909,37148,18302,6039,18218,14743,13006,28715,17095,38482,43316,26659,32278,7455,21504,22084,46362,48043,33978,25235,9820,3029,3782,47223,33517,2400,10405,47334,40878,32887,33085,5324,22538,38117,21116,23083,12545,41077,7657,45881,3597,23379,48456,11801,48251,12096,15759,3691,20610,1784,13668,24631,40617,25945,37518,15763,49736,35320,37880,17847,1125,28484,16558,38698,39039,11501,2078,17325,35769,22846,27361,3960,35083,34518,48406,7838,22053,33332,36519,21008,13923,41308,31436,3371,28934,1711,49602,19378,33548,3435,35748,23075,42018,22154,36419,9414,32845,34810,39334,41450,30374,2393,32632,39980,39407,16598,34727,18434,20145,15794,10475,22346,8206,31853,15749,37114,31807,16647,18514,44498,9818,12369,20484,27191,42515,40239,43832,42284,43994,28084,11505,27775,38994,34504,26771,43766,47405,33968,17903,47239,28924,10531,25075,30395,41547,28077,46884,41658,19438,44460,42958,13799,27575,20930,14570,16273,40614,17091,20812,44671,37033,13206,4711,39158,21358,8878,38963,7768,40995,1244,41102,20774,11268,32980,503,11071,45922,40517,27241,3008,8213,22773,4786,8809,32087,22963,35782,16967,9266,15264,18116,44114,14045,24537,1782,12414,2797,37316,36661,25450,40377,12827,37045,15600,31016,31148,515,21584,26910,30107,19700,34852,19339,5924,49043,19646,14579,8946,40893,25555,13667,46049,17519,2151,46501,28539,19830,22483,11884,49329,158,4616,4877,21643,24522,31190,31412,23726,25425,48139,33208,43250,37898,7444,38293,18038,46522,11942,4918,13407,24110,11257,26038,11010,11842,41100,12875,5486,13940,38854,35908,11154,28982,19456,46666,20661,42863,35012,184,25480,40958,41341,3560,44971,45369,3117,40568,31003,43799,16057,42661,41889,14823,17125,42650,27736,22400,23860,34934,28604,28702,49584,22386,7179,17605,19189,8038,3329,48729,44827,46094,9185,840,43795,7487,47504,17696,25117,5598"
0(t0)^0(t1) ^ t0.SCHEDULED_TIME=t1.SCHEDULED_TIME ^ t0.ORIGIN_AIRPORT=t1.ORIGIN_AIRPORT ^ t0.FLIGHT_NUMBER=t1.FLIGHT_NUMBER->t0.DESTINATION_AIRPORT=t1.DESTINATION_AIRPORT,0.0000077416,0.9948596689626812,"15648,2406,11712,32353,36264,8513,8485,33825,1456,23204,32250,43166,44867,1127,20034,32961,34918,46551,46490,21584,30154,24456,2717,34931,43170,49224,33019,5053,9146,18336,2798,12296,44276,40176,17328,48886,45865,28924,883,44618,3941,28831,16939,8966,35622,25502,30722,6816,25246,43985,10629,11203,38805,48490,3572,24716,584"
0(t0)^0(t1) ^ t0.SCHEDULED_TIME=t1.SCHEDULED_TIME ^ t0.MONTH=t1.MONTH ^ t0.FLIGHT_NUMBER=t1.FLIGHT_NUMBER->t0.DESTINATION_AIRPORT=t1.DESTINATION_AIRPORT,0.0000032,0.9514747859181731,"11370,48607,46250,38905,2022,10558,38404,45334,20865,29595,16659,24747,17067,13118,34892,49825,16118,45831,17610,43694,26656,33366,27226,36971,17839,22699,9922,4542,6912,2971,13138,14501,23745,12826,36001,14793,28662,35035,15319,19924,27688,30097,49322,38957,28272,8449,13950,29394,35101,28380,15366,6258,23516,23958,16339,3584,152,4543,42937,7936,37403,3004,45227,47890,45340,48875,21831,43136,25692,19777,16552,27430,8997,27025,17085,2717,21972,34401,39822,43257,47674,39889,10575,17391,41493,3474,24267,47408,38662,2151,22631,34979,17945,40864,29846,4647,40310,32418,47565,12858,45128,13783,29354,48617,10513,22782,38672,28883,3780,38295,34306,7410,33343,21664,43618,402,43272,16113,47692,32551,40504,30453,3023,44091,34954,20054,18859,45865,34585,40090,37698,46323,6855,4481,5700,22795,32701,2645,47477,9737,3848,9069,36084,21511,48883,41575,572,43910,14618,21180,49538,42488,33128,24943,15545,1671,18872,35812,31327,23007,5336,45629,13034,13221,27174,15234,44805,38666,34388,11701,35512,34143,23453,36235,15560,18694,44099,30609,36241,44206,47527,37408,25046,26374,25489,48344,28587,20409,24563,35519,49662,21833,13697,27948,29761,10030,27875,1361,10405,22157,36203,48809,3246,4149,20859,464,48633,10779,26670,45836,14673,23267,40780,22814,9014,22966,22135,25920,36511,21165,27557,13106,44622,8684,13135,3980,16416,29813,35430,37767,31217,36861,33576,5061,29752,40403,11767,35875,10305,33111,25144,5230,29693,37880,43813,29815,18506,34918,43011,27224,12383,21728,48996,11202,47515,1062,18954,9457,39087,43117,24046,28708,25235,8577,47470,19660,49309,45638,46156,28974,29663,12487,17279,32170,39838,11108,16841,2291,42810,46474,31465,38007,7310,42174,43522,21008,4648,45315,33612,28310,27986,2393,41553,29477,22865,1512,38485,12087,38134,22212,27292,204,38048,17577,23916,18723,36975,42496,40402,36950,1322,27378,8972,45681,27421,24056,30197,13552,47899,34974,2849,25562,28517"
0(t0)^0(t1) ^ t0.SCHEDULED_DEPARTURE=t1.SCHEDULED_DEPARTURE ^ t0.ORIGIN_AIRPORT=t1.ORIGIN_AIRPORT ^ t0.FLIGHT_NUMBER=t1.FLIGHT_NUMBER->t0.DESTINATION_AIRPORT=t1.DESTINATION_AIRPORT,0.0000091808,0.9954028970422413,"45061,18734,24860,42789,923,12403,44641,13037,34255,19428,7152,9885,32278,39031,47950,27212,32290,11408,8673,40235,8426,21540,1379,47891,26759,648,20774,5623,18307,36971,1132,23957,16267,40347,1249,46036,30831,7002,2823,8360,48006,7912,12523,10995,12346,11619,16311,8840,23116,21290,39183,42316,14846,48562,34212,40364,5750,12616,45762,46979,16042"
0(t0)^0(t1) ^ t0.SCHEDULED_DEPARTURE=t1.SCHEDULED_DEPARTURE ^ t0.MONTH=t1.MONTH ^ t0.FLIGHT_NUMBER=t1.FLIGHT_NUMBER->t0.DESTINATION_AIRPORT=t1.DESTINATION_AIRPORT,0.0000032472,0.9883126369612856,"27841,35976,36971,26103,30274,8792,37219,5940,41773,3814,4551,36650,37805,22135,8988,14134,3602,19494,18799,35440,21326,47186,24282,38666,39409,35520,11713,22961,31164,2823,26232,25231,17380,9584,20661,5622,25775,9376,44396,4711,8673,43566,41219,20906,40602,9833,23405,46573,22214,38640,30831,25467,12586,22380,18290,6499,23623,43450,45347,7328,35579,11698,27630,12761,49063,16101,13896,7942,36989,43099,46080,24393,39031,46539,20348"
0(t0)^0(t1) ^ t0.SCHEDULED_ARRIVAL=t1.SCHEDULED_ARRIVAL ^ t0.ORIGIN_AIRPORT=t1.ORIGIN_AIRPORT ^ t0.FLIGHT_NUMBER=t1.FLIGHT_NUMBER->t0.DESTINATION_AIRPORT=t1.DESTINATION_AIRPORT,0.0000064848,0.9993835531993589,"2355,12682,14873,22555,42837,12639,29774"
0(t0)^0(t1) ^ t0.SCHEDULED_ARRIVAL=t1.SCHEDULED_ARRIVAL ^ t0.MONTH=t1.MONTH ^ t0.FLIGHT_NUMBER=t1.FLIGHT_NUMBER->t0.DESTINATION_AIRPORT=t1.DESTINATION_AIRPORT,0.0000030144,0.9936708860759493,"11698,28437,36851,1912,49209,25674,24393,30541,43099,21615,4636,998,42727,3514,32034,18983,6739,37120,38666,42164,14253,28631,38417,1737,11572,38214,28982,11732,33573,29030,22058,9053,16792,20478,18651,28674,5760,17975,26114"
0(t0)^0(t1) ^ t0.SCHEDULED_ARRIVAL=t1.SCHEDULED_ARRIVAL ^ t0.FLIGHT_NUMBER=t1.FLIGHT_NUMBER->t0.AIRLINE=t1.AIRLINE,0.000007044,0.9547820429407937,"25569,29371,42824,15237,36925,39590,19608,8555,28085,13466,24277,8663,16234,3486,31157,31351,7640,21072,22426,11712,6218,14253,47194,21615,4521,38743,39869,5106,21600,27335,41667,49309,15252,45663,37963,40172,19464,25956,25360,16746,2779,13494,41514,17975,11734,10407,6166,22095,34391,2568,44992,8143,10942,49076,42769,49344,43075,35615,44809,28519,29819,25317,41830,24930,24011,13262,16792,37134,27773,21700,24721,6739,39556,9695,18570,26735,690,23234,23507,23485,33573,22865,12641,41086,9282,5856,40935,29614,42648,1958,42888,39223,10207,29916,41568,35402,13437,28153,24629,45638,3450,45092,20093,37840,20540,17841,39309,35039,41270,44259,12581,10644,10923,42936,17565,31195,21787,11374,24444,29372,18651,14613,10277,32174,29120,30667,5971,6690,48629,35434,33666,25674,33818,31894,222,27014,11679,32461,40396,12249,32354,16806,13645,39641,34012,40346,46344,6378,32034,2804,21625,17114,31164,46984,36780,47316,27620,46633,11129,36372,19318,35391,5272,38666,17659,41917,12338,45434,3229,26114,31153,38159,26628,1717,32365,6262,11732,11698,5247,7172,30970,46454,23264,28254,24882,13537,26580,25468,17683,21881,19477,48161,14299,18015,47448,37329,22044,49634,4953,16797,18373,16954,19174,37220,23373,10298,45169,17492,1906,23600,29083,7007,24446,15852,40135,39457,36602,34394,20494,15046,37381,44330,25070,31384,41348,43614,28148,35204,38968,7887,19520,5678,39465,4526,23496,47475,27728,20478,11361,17445,47145,26308,10497,44335,34079,26093,28437,23296,45351,26221,21457,1593,39010,4880,15548,29716,29774,27226,41010,42259,46358,2061,4100,49535,37192,44017,12694,6358,9831,34881,9130,45607,1887,42387,42727,28527,34118,10860,13184,49195,41095,22387,34622,6056,6303,39264,33526,7600,20489,42660,44303,44254,44755,28449,19328,26538,42885,11497,2068,24061,46897,26321,24846,12666,33654,10945,9952,19876,43856,41251,45569,28674,7508,32352,15303,20219,2864,35151,31668,39367,2665,10070,39630,36851,38712,27971,17453,17558,31326,1939,14052,15360,37489,46598,12351,25431,48520,19553,3730,29301,49270,184,4904,1382,19160,39455,28752,11572,998,44402,11094,10278,26836,906,24393,24818,30766,8805,3564,32551,25869,28631,579,26259,35444,18994,15229,47108,17220,5942,37740,40368,48366,26841,24344,22058,9521,17466,6488,22297,28982,2191,4601,46823,13581,12639,45284,36714,16477,47440,28467,8119,34590,28599,23029,4830,34520,2034,14799,5911,14303,19113,41337,26467,4467,13706,11614,22329,22205,41948,40144,15233,12586,23016,34971,34243,45833,16542,32864,42556,24654,41070,48229,20333,35960,16913,36841,3514,46423,6923,49778,29240,30305,2656,29740,41620,11115,19655,32118,2285,19127,9364,23984,22881,1472,1912,25734,41227,35682,38417,36262,7394,18983,48684,12520,4742,36030,31533,45560,9922,47729,5472,34767,11443,5151,11566,24630,4332,17428,44270,13246,19021,20716,5830,22084,655,12713,43868,35653"
0(t0)^0(t1) ^ t0.FLIGHT_NUMBER=t1.FLIGHT_NUMBER ^ t0.DISTANCE=t1.DISTANCE->t0.AIRLINE=t1.AIRLINE,0.0000309144,0.9507910341264179,"19328,12513,30198,6575,15733,1902,28609,34391,41624,3450,28701,2633,18037,26747,39668,20219,31733,1389,10242,19127,16918,7654,13128,45626,32826,26628,9282,5299,2385,40067,34971,477,14073,17558,8332,16210,4106,35634,43480,49371,29288,32599,15863,32706,773,33982,17377,2115,22999,36372,24011,20584,31351,11799,5980,33506,17683,47094,39566,3051,28467,7036,27062,45162,43999,3361,25208,15548,11363,13536,38221,121,19201,35297,45293,20057,5966,17939,39372,34757,44949,43658,49604,29593,19464,34269,3115,4983,26421,26698,10964,12249,36619,9909,34762,32787,11086,20525,24064,14274,19915,18009,16234,29490,1572,26467,24511,36015,29135,44340,8360,28240,35129,3476,15266,16746,23037,2356,21787,19561,27742,10277,27393,34117,1574,13645,49031,2704,40979,23831,26841,36182,38414,40767,26877,14799,45663,21036,15360,27719,38336,29193,28527,11045,12090,17201,19396,13758,5272,17492,12685,2029,40111,10118,36818,19256,31920,23600,37477,24464,8977,1402,25253,13466,39010,3074,18971,22449,25783,22387,30858,9939,32313,19477,13681,35969,30479,2230,8433,7007,33875,6503,7265,37862,34118,46409,41247,3213,14704,21483,15690,20118,20966,1876,15493,49764,24277,22436,32027,2723,42769,7547,21700,10368,18015,12558,26154,1625,47973,20170,33544,2975,47440,40396,34243,19520,29533,3778,24654,27817,12571,47112,41917,32087,15578,5354,18363,18361,3495,43195,8280,25151,47520,6628,7191,32329,17681,2581,1879,1964,8801,14227,31937,12713,32864,30922,2303,28229,31516,12758,26955,24653,18410,37465,31476,41251,1753,29897,7931,39869,31936,45343,39926,7930,8836,33291,18799,41348,39843,43922,31753,45388,23296,40358,6168,40945,39027,31962,12995,30396,13249,7114,11443,24761,7640,40363,1001,27968,23356,36925,18148,6059,26218,39306,4927,23073,31307,9086,27388,46344,41258,7506,32894,24721,37983,11376,6166,918,31533,11303,13804,18513,4364,24730,21881,35558,41989,971,35110,19160,46895,522,9610,15676,27711,22897,5622,1441,26053,2560,46095,3358,46525,10442,1922,2609,1355,13460,16949,32792,31824,35304,19253,10278,32352,30918,14511,35307,23512,16954,41663,645,9252,1537,32000,11020,19147,19418,18918,46463,30971,37994,34597,23410,40992,32461,17231,4465,24258,24557,48161,21567,5247,37253,3700,42653,6850,34520,37012,45434,45031,28357,34441,14901,26087,41572,31648,43699,32551,41667,4189,37228,10942,49047,32948,41871,7395,14612,17117,10458,32174,39487,44653,1578,44632,10144,14975,31144,28672,42889,38712,39288,44303,18505,33276,44728,7718,41000,43387,49739,8161,33371,24503,44363,354,3990,26862,17269,30129,43980,27974,40293,12467,27773,4332,38440,30300,37494,30837,45804,23641,26179,34833,48797,40117,35755,12763,84,35390,6515,47888,15678,27237,10704,2363,30789,39457,41138,5366,44439,19366,16914,34950,30666,44335,49521,42329,33193,40679,7842,34735,23420,14148,30114,42020,2067,35391,14494,44491,27741,31894,12425,1906,13043,21737,33505,21499,29910,6690,38081,47108,4241,10670,39428,12586,47832,4731,35089,33918,23335,30741,24777,3325,40135,35731,12871,34079,46454,1114,10860,1413,15507,18328,40839,38159,20314,48673,38479,4583,12694,4796,5494,4836,5248,16850,21072,47594,26881,30382,13833,47537,48912,34975,15807,34372,12777,18570,46831,42660,24348,7767,26166,9617,22110,31152,19342,13184,29626,14821,28599,39535,21117,33065,31195,17402,42172,11884,23937,12666,47012,22778,38497,6397,31091,16007,2373,33464,12253,31153,5506,49763,35984,42254,49178,18648,26197,41804,35801,33645,18569,38215,4593,17664,35815,42949,15003,48156,22113,39814,40112,43951,12520,2886,31326,25184,16035,37399,40384,37056,11494,37597,24058,14624,8716,32778,39658,48927,11374,48998,31637,20914,16793,30389,47068,46085,22764,20333,13380,24495,45796,19631,19509,5098,37882,39996,29740,30637,11863,19332,16477,39556,30708,34424,41086,49243,869,658,23492,42994,25457,7261,49957,29375,30138,45384,7172,41985,31402,198,43633,38570,41227,49078,40825,12086,5755,20093,46988,41731,21347,38940,33977,49195,2101,13993,16622,37705,11207,32060,42191,1958,13855,13605,9992,37702,49471,13396,361,32144,37617,49032,7828,16161,36891,29283,46565,33061,47787,37220,34653,26152,30504,45092,17428,32673,39778,44367,49108,23368,45833,33831,25297,20290,6297,27620,15471,45006,48097,1615,4826,24384,25458,14294,11917,17045,32148,5200,44123,11361,35434,46598,12141,22650,47304,5856,1919,3789,4880,4067,13689,45169,39324,49920,3730,15076,33762,46479,39524,26473,36189,29292,45573,6695,48373,26157,15252,22969,17352,44368,44442,5422,18455,40576,22972,5269,28912,1472,32112,45911,45744,34293,8961,21104,45569,28798,36681,42149,26538,15852,47914,14174,10115,12096,852,35364,18127,25029,12451,15477,39064,32824,37489,8897,18123,42033,9831,13381,9636,33314,10976,24669,16279,27563,14948,39946,26671,4515,40730,43466,37847,21524,42857,37324,9648,27130,36872,44992,42981,24136,9960,14685,23137,5472,47791,26853,23608,48715,43445,44054,32292,47144,28752,12296,10407,47475,41967,17887,18797,46531,30834,31180,44953,4761,14359,5542,14299,47663,27335,47723,22102,44647,8119,3155,16167,22034,11480,4945,29892,39590,4435,16106,30305,23505,28090,44109,29958,32631,7076,1251,10580,23958,49813,21972,40145,37927,35615,33135,18058,15237,39750,21753,11573,2524,35347,39515,48919,15197,23712,21624,18256,47078,32705,32450,47349,1092,30871,33274,6416,29621,23951,22426,9521,34210,20105,38501,9444,25226,2804,44320,467,26432,22107,8706,30348,738,14880,12401,7733,49309,40858,10072,34590,36335,3283,39264,13072,17191,12931,12554,30933,23499,10945,24312,9618,13704,37329,9130,28117,10207,23657,10780,16230,16118,20415,4892,29320,41072,866,21769,28051,2285,20225,8770,11105,23662,25140,48763,19871,26580,29467,41012,1869,31384,33796,2034,23373,19113,3417,41569,21733,11921,9668,39654,20769,20069,28824,32310,42326,28153,43928,29380,47299,260,15609,2884,7523,38716,38780,20371,45774,11964,40889,36841,26814,43133,46458,46490,44766,24446,44659,35538,17372,47473,39989,41026,9843,9462,23485,14613,21678,25692,1642,22095,41270,13874,17302,41746,41070,46465,38610,28028,41404,30632,13270,45185,37381,45351,25070,29033,25255,28931,5167,46263,669,24535,48229,29716,31657,35763,10436,24659,15138,44017"
0(t0)^0(t1) ^ t0.SCHEDULED_TIME=t1.SCHEDULED_TIME ^ t0.FLIGHT_NUMBER=t1.FLIGHT_NUMBER ^ t0.DESTINATION_AIRPORT=t1.DESTINATION_AIRPORT->t0.AIRLINE=t1.AIRLINE,0.000007592,0.9749332237517978,"45351,38336,6166,31351,15360,37329,15807,20225,32174,34118,12586,25070,14359,29916,26467,35653,46344,12146,37862,21881,42769,40135,12694,27563,49775,18015,30305,17428,31384,34767,5247,9282,25140,46454,19520,30244,40396,15477,42653,48161,42254,47440,28153,44755,41251,33276,11643,38159,16850,36372,24446,32551,48684,15003,34971,19477,10942,1958,15678,41086,11566,1906,20333,17492,15852,26179,42316,9831,1472,12666,23264,5506,31755,16746,41667,22095,43928,17363,23296,8306,14613,5494,34079,34590,14923,16954,45663,23485,47108,13184,6535,41070,22387,26538,43195,27620,28534,31153,42556,35129,6218,2704,17683,12332,5200,6408,4332,41348,44992,33654,16477,24277,36841,48229,12713,47475,11361,42660,25068,21157,11584,34877,18570,48919,40658,10278,23507,49195,5856,19127,42857,467,49309,27119,4601,41227,39457,44335,37220,7640,28599,25431,39869,24721,16442,3450,29716,24321,16234,10945,31920,32352,22044,27742,21072,37489,26841,24011,42648,8003,42936,23234,14511,11443,43856,43868,49147,15237,27335,43466,2656,45092,31326,40767,34243,7114,20093,46598,2034,4521,13645,22426,10207,17558,5815,45569,26580,30331,13188,31894,19113,9444,26308,39010,23600,44017,16230,34391,6056,32027,3936,47715,45833,20219,44303,26628,1947,9130,522,2285,8119,13437,4100,24654,12520,2101,12249,28562,24882,34520,9521,44728,10860,47594,14624,4880,45434,37381,30834,27773,19328,45169,29740,38479,33875,47078,41917,18245,38035,2804,45573,15252,45626,22865,23373,42824,39590,9648,4761,37275,32864"
0(t0)^0(t1) ^ t0.SCHEDULED_DEPARTURE=t1.SCHEDULED_DEPARTURE ^ t0.FLIGHT_NUMBER=t1.FLIGHT_NUMBER ^ t0.DESTINATION_AIRPORT=t1.DESTINATION_AIRPORT->t0.AIRLINE=t1.AIRLINE,0.000008772,0.9520708517843188,"32824,5542,29892,5269,42946,3789,21069,49950,18755,47068,4033,34950,30198,24348,15252,33918,40799,6575,24730,35297,26841,10395,6515,23264,658,27773,46085,48673,2385,6166,4521,10964,10436,32551,28599,30305,20314,17683,23033,1906,8706,8119,18544,33977,28573,31091,12513,10945,35304,6503,47440,40363,41227,27563,34118,31894,341,34833,17117,13188,29135,7907,927,23712,19477,37489,26432,27335,42172,16954,47475,37381,15076,45663,16746,47296,28562,23368,19113,44054,49309,46895,10368,8163,13184,15493,19418,12777,19520,31384,30632,17231,21072,12249,32313,22034,34269,13437,31153,28912,18256,37220,12520,4983,36658,6218,9870,27817,1615,45774,37329,9521,10031,3325,40396,39869,49763,12141,35815,49008,31326,45185,2884,45796,18015,17558,20914,44335,15197,48161,9496,14821,25070,36193,36335,12586,48229,36372,47462,19396,26538,4100,19328,5494,36189,46598,7767,38159,4435,26955,1642,40966,20333,23420,34590,46263,43999,9130,32894,41667,15852,39457,37494,44992,25458,6297,34596,25297,10207,15237,27492,39524,28153,26747,4601,7931,34079,23373,5937,2303,1919,37702,41086,34243,46454,6212,23749,21373,22095,11443,46463,35434,49078,34391,23000,1537,16167,44515,24384,41917,4515,5247,45092,1958,4880,17492,44017,19642,45569,2804,12713,14073,49264,32174,34767,28605,8433,31180,6056,1092,44303,22436,11480,46490,49975,17664,34210,19253,7732,41967,34520,1595,32292,31476,17428,44442,4364,16733,19127,2034,467,39926,43699,24995,35682,29740,21117,21270,39654,21737,32000,9992,31753,41070,47108,43658,28051,32144,645,7640,29437,35347,48483,10156,29910,19871,20093,47791,23485,13645,28824,15548,45169,47914,47349,29897,43868,23296,27393,10670,7547,31657,21569,18455,46285,41272,33505,4731,10118,37444,22387,31351,4332,16234,9252,45434,48998,39843,11361,41156,26154,49604,24011,10242,20219,31824,11494,35390,27620,42556,30504,2356,37602,5812,39987,15433,40293,23600,29524,42769,42660,35506,34757,32599,22650,2029,16477,15360,1572,22778,45162,38479,12871,44755,17036,26179,26467,12694,24277,41251,10448,43557,33654,33065,22881,46525,12666,18361,26881,6690,10860,14799,37253,48774,27968,49957,24495,28229,5856,40135,34971,33274,11829,5366,7523,46344,23235,42824,36841,1964,49920,522,45351,13380,20995,29716,32352,20415,1472,22972,29916,39590,31307,30479,48797,35634,16161,37399,2196,12425,38501,49178,41012,10458,7261,27711,9960,26628,2285,35653,20170,24503,42936,26580,41804,39428,10942,15697,3213,39010,23937,24446,9282,30666,22426,29288,18328,14405,30138,9831"
